skill_id,name,trigger,effect,activation_chance,hit_chance,target,power
SKL_001,星盾斬,Active,Damage,0.35,0.9,RandomEnemy,1.5
SKL_002,星潮療癒,Active,Heal,0.4,,LowestHpAlly,0.15
SKL_003,霆刃追擊,Assault,Damage,0.4,0.9,BasicAttackTarget,1.2
SKL_004,岩崩,Active,Damage,0.3,0.85,RandomEnemy,1.6
SKL_005,晨光療癒,Active,Heal,0.35,,LowestHpAlly,0.12
SKL_006,流火連射,Assault,Damage,0.35,0.9,RandomEnemy,1.1
SKL_007,守衛追斬,Assault,Damage,0.3,0.85,BasicAttackTarget,1
SKL_008,風鈴急救,Active,Heal,0.3,,LowestHpAlly,0.1
SKL_009,燧火突襲,Assault,Damage,0.35,0.9,BasicAttackTarget,1.1
